H,3,'101833',1,'2025年2月','2025年2月','2026/01/20','氏名順-昇順',,'調剤薬局ツルハドラッグ札幌駅前店','北海道札幌市','','011-000-0000','八幡 政浩'
R1,1,'154848',1,1,1,'     1',1200,'      3500','佐藤 花子','サトウ ハナコ','昭和35年5月10日',' 65','女','本','なし','公費単独','','','100','  0','12','12016010','20230401','','','','','','','','','','旭川中央病院','','','','北海道旭川市4条通8丁目','北海道旭川市4条通8丁目','','070-0034','0166-23-4567','','','','','19600510','12016010 ','','','0412001','','','20250203','12016010','20250203','2025/02(3)','0412901','','','1','内科','','（なし） （なし） （なし）','0112345678','','','','',''
R1,1,'154848',1,1,2,'     2',1800,'      5200','鈴木 太郎','スズキ タロウ','昭和42年8月15日',' 58','男','本','なし','公費単独','','','100','  0','12','12016010','','21','01013456','20240101','','','','','','','医療法人社団旭川歯科医院','','','','北海道旭川市7条通10丁目','北海道旭川市7条通10丁目','','070-0037','0166-25-1234','','','','','19670815','12016010 ','','','0427101','','','20250205','12016010','20250205','2025/02(5)','0412902','','','1','歯科','','（なし） （なし） （なし）','0132987654','','','','',''
R1,1,'154848',1,1,3,'     3',2100,'      6100','田中 美咲','タナカ ミサキ','平成2年3月22日',' 35','女','本','なし','公費単独','','','100','  0','12','12016010','20230401','','','','','','','','','','旭川中央病院','','','','北海道旭川市5条通12丁目','北海道旭川市5条通12丁目','','070-0035','090-1234-5678','','','','','19900322','12016010 ','','','0205301','','','20250207','12016010','20250207','2025/02(7)','0412903','','','1','内科','','（なし） （なし） （なし）','0112345678','','','','',''
R1,1,'154848',1,1,4,'     4',950,'      2800','高橋 一郎','タカハシ イチロウ','昭和28年11月5日',' 72','男','本','なし','公費単独','','','100','  0','12','12016010','20230401','15','01023456','20240601','','','','','','','旭川整形外科クリニック','','','','北海道旭川市6条通3丁目','北海道旭川市6条通3丁目','','070-0036','0166-28-9012','','','','','19531105','12016010 ','','','0008901','','','20250210','12016010','20250210','2025/02(10)','0412904','','','1','整形外科','','（なし） （なし） （なし）','0113456789','','','','',''
R1,1,'154848',1,1,5,'     5',1600,'      4800','伊藤 恵子','イトウ ケイコ','昭和45年7月18日',' 55','女','本','なし','公費単独','','','100','  0','12','12016010','','','','','54','01045678','20230801','','','','旭川中央病院','','','','北海道旭川市8条通5丁目','北海道旭川市8条通5丁目','','070-0038','0166-30-2345','','','','','19700718','12016010 ','','','0427201','','','20250212','12016010','20250212','2025/02(1,12)','0412905','','','2','神経内科','','（なし） （なし） （なし）','0112345678','','','','',''
H,3,'101833',1,'2025年2月','2025年2月','2026/01/20','氏名順-昇順',,'調剤薬局ツルハドラッグ札幌駅前店','北海道札幌市','','011-000-0000','八幡 政浩'
R1,1,'154848',1,1,6,'     6',1350,'      4100','渡辺 修','ワタナベ オサム','昭和38年12月30日',' 62','男','本','なし','公費単独','','','100','  0','12','12016010','20230401','21','01013456','20240101','54','01045678','20230801','','','','旭川メンタルクリニック','','','','北海道旭川市3条通6丁目','北海道旭川市3条通6丁目','','070-0033','090-3456-7890','','','','','19631230','12016010 ','','','0305401','','','20250214','12016010','20250214','2025/02(14)','0412906','','','1','精神科','','（なし） （なし） （なし）','0114567890','','','','',''
R1,1,'154848',1,1,7,'     7',1100,'      3200','山本 さくら','ヤマモト サクラ','平成8年4月8日',' 29','女','本','なし','公費単独','','','100','  0','12','12016010','','16','01023456','20240601','','','','','','','旭川こども病院','','','','北海道旭川市9条通7丁目','北海道旭川市9条通7丁目','','070-0039','0166-32-4567','','','','','19960408','12016010 ','','','0510101','','','20250215','12016010','20250215','2025/02(15)','0412907','','','1','小児科','','（なし） （なし） （なし）','0115678901','','','','',''
R1,1,'154848',1,1,8,'     8',1450,'      4300','中村 健太','ナカムラ ケンタ','昭和50年9月25日',' 50','男','本','なし','公費単独','','','100','  0','12','12016010','20230401','','','','','','','','','','旭川中央病院','','','','北海道旭川市1条通9丁目','北海道旭川市1条通9丁目','','070-0031','0166-35-6789','','','','','19750925','12016010 ','','','0205501','','','20250218','12016010','20250218','2025/02(18)','0412908','','','1','外科','','（なし） （なし） （なし）','0112345678','','','','',''
R1,1,'154848',1,1,9,'     9',1750,'      5100','小林 由美','コバヤシ ユミ','昭和33年6月12日',' 67','女','本','なし','公費単独','','','100','  0','12','06012345','','','','','','','','','','','札幌総合病院','','','','北海道札幌市中央区南1条','北海道札幌市中央区南1条','','060-0061','011-234-5678','','','','','19580612','06012345 ','','','0601234','','','20250220','06012345','20250220','2025/02(20)','0601001','','','1','内科','','（なし） （なし） （なし）','0119876543','','','','',''
R1,1,'154848',1,1,10,'    10',1900,'      5600','加藤 隆','カトウ タカシ','昭和25年2月3日',' 75','男','本','なし','公費単独','','','100','  0','15','01023456','20240601','','','','','','','','','','旭川リハビリ病院','','','','北海道旭川市2条通4丁目','北海道旭川市2条通4丁目','','070-0032','0166-38-9012','','','','','19500203','12016010 ','','','0620123','','','20250221','12016010','20250221','2025/02(21)','0412909','','','1','リハビリ科','','（なし） （なし） （なし）','0116789012','','','','',''
R1,1,'154848',1,1,11,'    11',1250,'      3700','吉田 綾香','ヨシダ アヤカ','平成5年10月10日',' 32','女','本','なし','公費単独','','','100','  0','12','12016010','20230401','','','','','','','','','','旭川中央病院','','','','北海道旭川市10条通2丁目','北海道旭川市10条通2丁目','','070-0040','090-5678-1234','','','','','19931010','12016010 ','','','0205601','','','20250224','12016010','20250224','2025/02(24)','0412910','','','1','婦人科','','（なし） （なし） （なし）','0112345678','','','','',''
R1,1,'154848',1,1,12,'    12',1550,'      4600','山田 昇','ヤマダ ノボル','昭和40年1月28日',' 60','男','本','なし','公費単独','','','100','  0','12','12016010','','','','','','','','','','','旭川循環器科クリニック','','','','北海道旭川市11条通15丁目','北海道旭川市11条通15丁目','','070-0041','0166-40-3456','','','','','19650128','12016010 ','','','0710201','','','20250226','12016010','20250226','2025/02(1,12,26)','0412911','','','3','循環器科','','（なし） （なし） （なし）','0117890123','','','','',''
R1,1,'154848',1,1,13,'    13',1680,'      4900','松本 真理子','マツモト マリコ','昭和48年5月5日',' 52','女','本','なし','社保国保併用','','','100','  0','21','01013456','20240101','12','12016010','20230401','','','','','','','旭川メンタルクリニック','','','','北海道旭川市12条通11丁目','北海道旭川市12条通11丁目','','070-0042','0166-42-5678','','','','','19730505','12016010 ','','','0305501','','','20250227','12016010','20250227','2025/02(27)','0412912','','','1','精神科','','（なし） （なし） （なし）','0114567890','','','','',''
R1,1,'154848',1,1,14,'    14',950,'      2700','佐藤 花子','サトウ ハナコ','昭和35年5月10日',' 65','女','本','なし','公費単独','','','100','  0','12','12016010','20230401','','','','','','','','','','旭川皮膚科クリニック','','','','北海道旭川市4条通8丁目','北海道旭川市4条通8丁目','','070-0034','0166-23-4567','','','','','19600510','12016010 ','','','0412001','','','20250208','12016010','20250208','2025/02(8)','0412913','','','1','皮膚科','','（なし） （なし） （なし）','0118901234','','','','',''
R1,1,'154848',1,1,15,'    15',1350,'      3900','田中 美咲','タナカ ミサキ','平成2年3月22日',' 35','女','本','なし','公費単独','','','100','  0','12','12016010','20230401','','','','','','','','','','旭川眼科医院','','','','北海道旭川市5条通12丁目','北海道旭川市5条通12丁目','','070-0035','090-1234-5678','','','','','19900322','12016010 ','','','0205301','','','20250212','12016010','20250212','2025/02(12)','0412914','','','1','眼科','','（なし） （なし） （なし）','0119012345','','','','',''
R1,1,'154848',1,1,16,'    16',1700,'      4900','鈴木 太郎','スズキ タロウ','昭和42年8月15日',' 58','男','本','なし','公費単独','','','100','  0','12','12016010','','21','01013456','20240101','','','','','','','旭川メンタルクリニック','','','','北海道旭川市7条通10丁目','北海道旭川市7条通10丁目','','070-0037','0166-25-1234','','','','','19670815','12016010 ','','','0427101','','','20250216','12016010','20250216','2025/02(16)','0412915','','','1','精神科','','（なし） （なし） （なし）','0114567890','','','','',''
R1,1,'154848',1,1,17,'    17',1100,'      3100','中村 健太','ナカムラ ケンタ','昭和50年9月25日',' 50','男','本','なし','公費単独','','','100','  0','12','12016010','20230401','','','','','','','','','','旭川整形外科クリニック','','','','北海道旭川市1条通9丁目','北海道旭川市1条通9丁目','','070-0031','0166-35-6789','','','','','19750925','12016010 ','','','0205501','','','20250220','12016010','20250220','2025/02(20)','0412916','','','1','整形外科','','（なし） （なし） （なし）','0113456789','','','','',''
R1,1,'154848',1,1,18,'    18',850,'      2400','高橋 一郎','タカハシ イチロウ','昭和28年11月5日',' 72','男','本','なし','公費単独','','','100','  0','12','12016010','20230401','15','01023456','20240601','','','','','','','旭川リハビリ病院','','','','北海道旭川市6条通3丁目','北海道旭川市6条通3丁目','','070-0036','0166-28-9012','','','','','19531105','12016010 ','','','0008901','','','20250222','12016010','20250222','2025/02(22)','0412917','','','1','リハビリ科','','（なし） （なし） （なし）','0116789012','','','','',''
